Date,"U.S. Ending Stocks of Finished Motor Gasoline, Weekly","U.S. Exports of Finished Motor Gasoline, Weekly","U.S. Imports of Finished Motor Gasoline, Weekly","U.S. Refiner and Blender Net Production of Finished Motor Gasoline, Weekly",Stock Change,Demand
2010-06-04,77189.0,1085.0,224.0,63259.0,-656.0,63054.0
2010-06-11,77388.0,1085.0,952.0,64386.0,199.0,64054.0
2010-06-18,77749.0,1085.0,1302.0,64981.0,361.0,64837.0
2010-06-25,76917.0,1085.0,868.0,65660.0,-832.0,66275.0
2010-07-02,76267.0,1085.0,1008.0,65856.0,-650.0,66429.0
2010-07-09,78668.0,1085.0,490.0,66185.0,2401.0,63189.0
2010-07-16,77629.0,1085.0,889.0,64484.0,-1039.0,65327.0
2010-07-23,77580.0,1085.0,924.0,66276.0,-49.0,66164.0
2010-07-30,76791.0,1085.0,728.0,65751.0,-789.0,66183.0
2010-08-06,76755.0,1085.0,665.0,65072.0,-36.0,64688.0
2010-08-13,76424.0,1386.0,1148.0,63973.0,-331.0,64066.0
2010-08-20,77530.0,1386.0,784.0,65996.0,1106.0,64288.0
2010-08-27,76200.0,1386.0,616.0,65009.0,-1330.0,65569.0
2010-09-03,76756.0,1386.0,315.0,64540.0,556.0,62913.0
2010-09-10,76639.0,1477.0,266.0,62104.0,-117.0,61010.0
2010-09-17,77268.0,1477.0,896.0,62587.0,629.0,61377.0
2010-09-24,74940.0,1477.0,714.0,64435.0,-2328.0,66000.0
2010-10-01,73333.0,1477.0,1407.0,63700.0,-1607.0,65237.0
2010-10-08,71811.0,1477.0,553.0,63756.0,-1522.0,64354.0
2010-10-15,72635.0,1400.0,1141.0,65310.0,824.0,64227.0
2010-10-22,71189.0,1400.0,959.0,63728.0,-1446.0,64733.0
2010-10-29,70528.0,1400.0,980.0,62503.0,-661.0,62744.0
2010-11-05,69448.0,1400.0,637.0,63147.0,-1080.0,63464.0
2010-11-12,68446.0,1169.0,308.0,62937.0,-1002.0,63078.0
2010-11-19,69138.0,1169.0,1064.0,64057.0,692.0,63260.0
2010-11-26,68076.0,1169.0,609.0,61516.0,-1062.0,62018.0
2010-12-03,69554.0,1169.0,1071.0,65359.0,1478.0,63783.0
2010-12-10,69232.0,1176.0,952.0,65408.0,-322.0,65506.0
2010-12-17,70251.0,1176.0,490.0,65387.0,1019.0,63682.0
2010-12-24,68768.0,1176.0,518.0,65121.0,-1483.0,65946.0
2010-12-31,68365.0,1176.0,301.0,62034.0,-403.0,61562.0
2011-01-07,67117.0,1176.0,588.0,60655.0,-1248.0,61315.0
2011-01-14,66820.0,1393.0,455.0,61537.0,-297.0,60896.0
2011-01-21,67102.0,1393.0,392.0,62734.0,282.0,61451.0
2011-01-28,68543.0,1393.0,889.0,61425.0,1441.0,59480.0
2011-02-04,72053.0,1393.0,1036.0,62237.0,3510.0,58370.0
2011-02-11,73764.0,1561.0,756.0,62237.0,1711.0,59721.0
2011-02-18,73269.0,1561.0,770.0,62727.0,-495.0,62431.0
2011-02-25,72910.0,1561.0,756.0,63728.0,-359.0,63282.0
2011-03-04,71005.0,1561.0,819.0,62909.0,-1905.0,64072.0
2011-03-11,68692.0,1974.0,266.0,62160.0,-2313.0,62765.0
2011-03-18,66986.0,1974.0,602.0,63469.0,-1706.0,63803.0
2011-03-25,64682.0,1974.0,861.0,61747.0,-2304.0,62938.0
2011-04-01,63142.0,1974.0,735.0,62237.0,-1540.0,62538.0
2011-04-08,60647.0,1974.0,959.0,61950.0,-2495.0,63430.0
2011-04-15,60252.0,1834.0,700.0,64092.0,-395.0,63353.0
2011-04-22,58042.0,1834.0,1771.0,61488.0,-2210.0,63635.0
2011-04-29,56511.0,1834.0,1120.0,62657.0,-1531.0,63474.0
2011-05-06,55783.0,1834.0,756.0,62587.0,-728.0,62237.0
2011-05-13,55320.0,1400.0,357.0,64701.0,-463.0,64121.0
2011-05-20,56551.0,1400.0,994.0,64869.0,1231.0,63232.0
2011-05-27,56306.0,1400.0,1141.0,67025.0,-245.0,67011.0
2011-06-03,57520.0,1400.0,630.0,64358.0,1214.0,62374.0
2011-06-10,57674.0,1820.0,1281.0,65261.0,154.0,64568.0
2011-06-17,58361.0,1820.0,952.0,66122.0,687.0,64567.0
2011-06-24,56412.0,1820.0,1022.0,65226.0,-1949.0,66377.0
2011-07-01,56755.0,1820.0,623.0,66724.0,343.0,65184.0
2011-07-08,54424.0,1820.0,315.0,63763.0,-2331.0,64589.0
2011-07-15,54588.0,1785.0,448.0,65296.0,164.0,63795.0
2011-07-22,55284.0,1785.0,1141.0,65044.0,696.0,63704.0
2011-07-29,53561.0,1785.0,546.0,64981.0,-1723.0,65465.0
2011-08-05,54621.0,1785.0,819.0,66388.0,1060.0,64362.0
2011-08-12,53569.0,2765.0,812.0,65170.0,-1052.0,64269.0
2011-08-19,54379.0,2765.0,1239.0,65044.0,810.0,62708.0
2011-08-26,54538.0,2765.0,441.0,66976.0,159.0,64493.0
2011-09-02,54072.0,2765.0,861.0,63581.0,-466.0,62143.0
2011-09-09,56011.0,2765.0,1148.0,64365.0,1939.0,60809.0
2011-09-16,55662.0,2352.0,462.0,64064.0,-349.0,62523.0
2011-09-23,55733.0,2352.0,217.0,63679.0,71.0,61473.0
2011-09-30,56226.0,2352.0,553.0,64218.0,493.0,61926.0
2011-10-07,53473.0,2352.0,273.0,61747.0,-2753.0,62421.0
2011-10-14,55312.0,3752.0,588.0,62433.0,1839.0,57430.0
2011-10-21,54911.0,3752.0,308.0,62573.0,-401.0,59530.0
2011-10-28,55304.0,3752.0,196.0,63476.0,393.0,59527.0
2011-11-04,53510.0,3752.0,952.0,60893.0,-1794.0,59887.0
2011-11-11,53908.0,3703.0,532.0,63112.0,398.0,59543.0
2011-11-18,56610.0,3703.0,259.0,64792.0,2702.0,58646.0
2011-11-25,56140.0,3703.0,301.0,62874.0,-470.0,59942.0
2011-12-02,56871.0,3703.0,560.0,63322.0,731.0,59448.0
2011-12-09,60136.0,3661.0,777.0,65156.0,3265.0,59007.0
2011-12-16,60618.0,3661.0,567.0,64729.0,482.0,61153.0
2011-12-23,61190.0,3661.0,882.0,65520.0,572.0,62169.0
2011-12-30,60416.0,3661.0,224.0,60585.0,-774.0,57922.0
2012-01-06,60872.0,3661.0,196.0,60207.0,456.0,56286.0
2012-01-13,62332.0,4382.0,301.0,61299.0,1460.0,55758.0
2012-01-20,61457.0,4382.0,420.0,59577.0,-875.0,56490.0
2012-01-27,62381.0,4382.0,1498.0,59332.0,924.0,55524.0
2012-02-03,62706.0,4382.0,595.0,59381.0,325.0,55269.0
2012-02-10,63389.0,3892.0,231.0,60683.0,683.0,56339.0
2012-02-17,61869.0,4312.0,364.0,60459.0,-1520.0,58031.0
2012-02-24,61159.0,4312.0,196.0,61488.0,-710.0,58082.0
2012-03-02,60024.0,4312.0,889.0,60291.0,-1135.0,58003.0
2012-03-09,58670.0,4312.0,119.0,61159.0,-1354.0,58320.0
2012-03-16,59269.0,2660.0,581.0,60039.0,599.0,57361.0
2012-03-23,57320.0,2660.0,392.0,60613.0,-1949.0,60294.0
2012-03-30,57261.0,2660.0,1274.0,61040.0,-59.0,59713.0
2012-04-06,56389.0,2660.0,168.0,60333.0,-872.0,58713.0
2012-04-13,54591.0,2884.0,105.0,62174.0,-1798.0,61193.0
2012-04-20,54299.0,2884.0,539.0,60032.0,-292.0,57979.0
2012-04-27,52952.0,2884.0,882.0,59878.0,-1347.0,59223.0
2012-05-04,51852.0,2884.0,224.0,61509.0,-1100.0,59949.0
2012-05-11,50138.0,2877.0,273.0,62216.0,-1714.0,61326.0
2012-05-18,50028.0,2877.0,581.0,63049.0,-110.0,60863.0
2012-05-25,49143.0,2877.0,441.0,63161.0,-885.0,61610.0
2012-06-01,49862.0,2877.0,742.0,61775.0,719.0,58921.0
2012-06-08,50351.0,2646.0,189.0,64470.0,489.0,61524.0
2012-06-15,50674.0,2646.0,665.0,62559.0,323.0,60255.0
2012-06-22,51600.0,2646.0,532.0,64232.0,926.0,61192.0
2012-06-29,51894.0,2828.0,413.0,63959.0,294.0,61250.0
2012-07-06,51952.0,2828.0,77.0,64211.0,58.0,61402.0
2012-07-13,51261.0,2828.0,273.0,60991.0,-691.0,59127.0
2012-07-20,53160.0,2401.0,70.0,63217.0,1899.0,58987.0
2012-07-27,52608.0,2401.0,749.0,61180.0,-552.0,60080.0
2012-08-03,53578.0,2401.0,497.0,62293.0,970.0,59419.0
2012-08-10,51794.0,2303.0,175.0,63483.0,-1784.0,63139.0
2012-08-17,51230.0,2303.0,56.0,63133.0,-564.0,61450.0
2012-08-24,50162.0,2303.0,399.0,63441.0,-1068.0,62605.0
2012-08-31,48613.0,2303.0,63.0,63035.0,-1549.0,62344.0
2012-09-07,48965.0,2303.0,861.0,59577.0,352.0,57783.0
2012-09-14,50248.0,2618.0,497.0,61194.0,1283.0,57790.0
2012-09-21,48811.0,2618.0,63.0,62321.0,-1437.0,61203.0
2012-09-28,49720.0,2618.0,210.0,61159.0,909.0,57842.0
2012-10-05,47590.0,2618.0,133.0,60536.0,-2130.0,60181.0
2012-10-12,47612.0,2268.0,70.0,61278.0,22.0,59058.0
2012-10-19,48898.0,2268.0,84.0,62685.0,1286.0,59215.0
2012-10-26,49637.0,2268.0,497.0,63602.0,739.0,61092.0
2012-11-02,51532.0,2268.0,70.0,62636.0,1895.0,58543.0
2012-11-09,51354.0,2366.0,826.0,61992.0,-178.0,60630.0
2012-11-16,51416.0,2366.0,392.0,63007.0,62.0,60971.0
2012-11-23,51571.0,2366.0,406.0,62188.0,155.0,60073.0
2012-11-30,55286.0,2366.0,182.0,63084.0,3715.0,57185.0
2012-12-07,56285.0,2366.0,427.0,63490.0,999.0,60552.0
2012-12-14,55657.0,3234.0,714.0,64043.0,-628.0,62151.0
2012-12-21,59457.0,3234.0,476.0,65779.0,3800.0,59221.0
2012-12-28,59177.0,3234.0,161.0,60893.0,-280.0,58100.0
2013-01-04,58636.0,3234.0,70.0,57428.0,-541.0,54805.0
2013-01-11,57343.0,3234.0,49.0,60137.0,-1293.0,58245.0
2013-01-18,57599.0,3388.0,308.0,60676.0,256.0,57340.0
2013-01-25,58755.0,3388.0,602.0,62195.0,1156.0,58253.0
2013-02-01,58026.0,3388.0,238.0,61740.0,-729.0,59319.0
2013-02-08,58140.0,3388.0,56.0,60571.0,114.0,57125.0
2013-02-15,58300.0,3388.0,56.0,60529.0,160.0,57037.0
2013-02-22,58659.0,4130.0,189.0,62629.0,359.0,58329.0
2013-03-01,56289.0,4130.0,63.0,61229.0,-2370.0,59532.0
2013-03-08,54519.0,4130.0,70.0,60487.0,-1770.0,58197.0
2013-03-15,52512.0,3836.0,189.0,60403.0,-2007.0,58763.0
2013-03-22,51991.0,3836.0,84.0,63014.0,-521.0,59783.0
2013-03-29,51592.0,3836.0,476.0,60704.0,-399.0,57743.0
2013-04-05,50213.0,3836.0,469.0,62524.0,-1379.0,60536.0
2013-04-12,50569.0,3836.0,560.0,62230.0,356.0,58598.0
2013-04-19,48948.0,3395.0,56.0,62433.0,-1621.0,60715.0
2013-04-26,48233.0,3395.0,84.0,62769.0,-715.0,60173.0
2013-05-03,46492.0,3395.0,56.0,61481.0,-1741.0,59883.0
2013-05-10,47316.0,3395.0,105.0,63623.0,824.0,59509.0
2013-05-17,48187.0,2156.0,56.0,64148.0,871.0,61177.0
2013-05-24,46532.0,2156.0,133.0,63553.0,-1655.0,63185.0
2013-05-31,48060.0,2156.0,49.0,64365.0,1528.0,60730.0
2013-06-07,50721.0,2156.0,931.0,65513.0,2661.0,61627.0
2013-06-14,50473.0,2156.0,91.0,64169.0,-248.0,62352.0
2013-06-21,50484.0,2233.0,574.0,64239.0,11.0,62569.0
2013-06-28,49285.0,2233.0,420.0,65996.0,-1199.0,65382.0
2013-07-05,49473.0,2233.0,413.0,67172.0,188.0,65164.0
2013-07-12,50280.0,2233.0,812.0,62769.0,807.0,60541.0
2013-07-19,50355.0,1806.0,266.0,65009.0,75.0,63394.0
2013-07-26,51222.0,1806.0,175.0,64505.0,867.0,62007.0
2013-08-02,51949.0,1806.0,392.0,65212.0,727.0,63071.0
2013-08-09,49553.0,1806.0,238.0,63567.0,-2396.0,64395.0
2013-08-16,49474.0,2429.0,700.0,64883.0,-79.0,63233.0
2013-08-23,50082.0,2429.0,434.0,64526.0,608.0,61923.0
2013-08-30,47996.0,2429.0,546.0,64568.0,-2086.0,64771.0
2013-09-06,48890.0,2429.0,77.0,62412.0,894.0,59166.0
2013-09-13,48341.0,2429.0,63.0,63217.0,-549.0,61400.0
2013-09-20,47279.0,2611.0,259.0,62755.0,-1062.0,61465.0
2013-09-27,47733.0,2611.0,252.0,62405.0,454.0,59592.0
2013-10-04,48007.0,2611.0,63.0,62713.0,274.0,59891.0
2013-10-11,47525.0,2611.0,322.0,63378.0,-482.0,61571.0
2013-10-18,47367.0,2611.0,119.0,62342.0,-158.0,60008.0
2013-10-25,47635.0,2660.0,266.0,63476.0,268.0,60814.0
2013-11-01,38783.0,2660.0,385.0,63952.0,-8852.0,70529.0
2013-11-08,39326.0,2660.0,392.0,66472.0,543.0,63661.0
2013-11-15,39517.0,2660.0,441.0,66864.0,191.0,64454.0
2013-11-22,40704.0,2541.0,154.0,65947.0,1187.0,62373.0
2013-11-29,39283.0,2541.0,392.0,65709.0,-1421.0,64981.0
2013-12-06,41581.0,2541.0,399.0,65996.0,2298.0,61556.0
2013-12-13,41493.0,2541.0,385.0,65632.0,-88.0,63564.0
2013-12-20,42195.0,3486.0,413.0,69412.0,702.0,65637.0
2013-12-27,40062.0,3486.0,56.0,63014.0,-2133.0,61717.0
2014-01-03,42567.0,3486.0,70.0,61474.0,2505.0,55553.0
2014-01-10,41263.0,3486.0,56.0,62118.0,-1304.0,59992.0
2014-01-17,41072.0,3486.0,385.0,62566.0,-191.0,59656.0
2014-01-24,41699.0,4102.0,511.0,63245.0,627.0,59027.0
2014-01-31,40394.0,4102.0,392.0,62839.0,-1305.0,60434.0
2014-02-07,40185.0,4102.0,105.0,63546.0,-209.0,59758.0
2014-02-14,41427.0,4102.0,119.0,61677.0,1242.0,56452.0
2014-02-21,38573.0,4032.0,70.0,63658.0,-2854.0,62550.0
2014-02-28,38976.0,4032.0,56.0,65653.0,403.0,61274.0
2014-03-07,37855.0,4032.0,56.0,64421.0,-1121.0,61566.0
2014-03-14,38958.0,4032.0,105.0,65534.0,1103.0,60504.0
2014-03-21,35066.0,4032.0,154.0,65373.0,-3892.0,65387.0
2014-03-28,34171.0,3703.0,497.0,66675.0,-895.0,64364.0
2014-04-04,33361.0,3703.0,273.0,68880.0,-810.0,66260.0
2014-04-11,32345.0,3703.0,427.0,67452.0,-1016.0,65192.0
2014-04-18,32282.0,3703.0,413.0,67942.0,-63.0,64715.0
2014-04-25,29208.0,2793.0,210.0,70532.0,-3074.0,71023.0
2014-05-02,28750.0,2793.0,427.0,70420.0,-458.0,68512.0
2014-05-09,29242.0,2793.0,378.0,72359.0,492.0,69452.0
2014-05-16,29770.0,2793.0,392.0,72261.0,528.0,69332.0
2014-05-23,28741.0,2702.0,161.0,73864.0,-1029.0,72352.0
2014-05-30,29115.0,2702.0,469.0,71414.0,374.0,68807.0
2014-06-06,28105.0,2702.0,77.0,69706.0,-1010.0,68091.0
2014-06-13,29801.0,2702.0,322.0,72485.0,1696.0,68409.0
2014-06-20,29046.0,2625.0,182.0,70910.0,-755.0,69222.0
2014-06-27,28976.0,2625.0,679.0,71162.0,-70.0,69286.0
2014-07-04,29850.0,2625.0,70.0,70511.0,874.0,67082.0
2014-07-11,28277.0,2625.0,476.0,68425.0,-1573.0,67849.0
2014-07-18,29674.0,2625.0,70.0,68516.0,1397.0,64564.0
2014-07-25,28666.0,3409.0,84.0,69594.0,-1008.0,67277.0
2014-08-01,28152.0,3409.0,98.0,70245.0,-514.0,67448.0
2014-08-08,29132.0,3409.0,217.0,70420.0,980.0,66248.0
2014-08-15,28475.0,3409.0,112.0,67529.0,-657.0,64889.0
2014-08-22,29049.0,2534.0,210.0,69062.0,574.0,66164.0
2014-08-29,27479.0,2534.0,322.0,66045.0,-1570.0,65403.0
2014-09-05,27476.0,2534.0,56.0,66479.0,-3.0,64004.0
2014-09-12,28569.0,2534.0,357.0,64680.0,1093.0,61410.0
2014-09-19,28753.0,2534.0,238.0,68019.0,184.0,65539.0
2014-09-26,28957.0,3129.0,637.0,64666.0,204.0,61970.0
2014-10-03,27502.0,3129.0,70.0,64890.0,-1455.0,63286.0
2014-10-10,26399.0,3129.0,546.0,66556.0,-1103.0,65076.0
2014-10-17,27184.0,3129.0,574.0,66836.0,785.0,63496.0
2014-10-24,26272.0,2954.0,567.0,66269.0,-912.0,64794.0
2014-10-31,27169.0,2954.0,119.0,66206.0,897.0,62474.0
2014-11-07,26884.0,2954.0,287.0,66003.0,-285.0,63621.0
2014-11-14,27673.0,2954.0,693.0,66878.0,789.0,63828.0
2014-11-21,28216.0,2415.0,252.0,67291.0,543.0,64585.0
2014-11-28,27252.0,2415.0,273.0,66899.0,-964.0,65721.0
2014-12-05,29751.0,2415.0,574.0,66710.0,2499.0,62370.0
2014-12-12,29443.0,2415.0,154.0,69195.0,-308.0,67242.0
2014-12-19,29843.0,2541.0,126.0,69930.0,400.0,67115.0
2014-12-26,31538.0,2541.0,168.0,68313.0,1695.0,64245.0
2015-01-02,30536.0,2541.0,2296.0,63259.0,-1002.0,64016.0
2015-01-09,30096.0,2541.0,350.0,63497.0,-440.0,61746.0
2015-01-16,30471.0,2541.0,371.0,66157.0,375.0,63612.0
2015-01-23,28730.0,3479.0,651.0,65128.0,-1741.0,64041.0
2015-01-30,29828.0,3479.0,63.0,65814.0,1098.0,61300.0
2015-02-06,29428.0,3479.0,98.0,65072.0,-400.0,62091.0
2015-02-13,28781.0,3479.0,238.0,64911.0,-647.0,62317.0
2015-02-20,29351.0,4753.0,112.0,67431.0,570.0,62220.0
2015-02-27,31072.0,4753.0,231.0,66787.0,1721.0,60544.0
2015-03-06,30930.0,4753.0,63.0,66255.0,-142.0,61707.0
2015-03-13,29693.0,4753.0,56.0,66892.0,-1237.0,63432.0
2015-03-20,28758.0,3822.0,49.0,67123.0,-935.0,64285.0
2015-03-27,27242.0,3822.0,245.0,67865.0,-1516.0,65804.0
2015-04-03,27456.0,3822.0,308.0,67004.0,214.0,63276.0
2015-04-10,26137.0,3822.0,161.0,69307.0,-1319.0,66965.0
2015-04-17,26735.0,3822.0,371.0,68726.0,598.0,64677.0
2015-04-24,26813.0,3829.0,728.0,68509.0,78.0,65330.0
2015-05-01,25957.0,3829.0,406.0,67424.0,-856.0,64857.0
2015-05-08,25727.0,3829.0,175.0,68873.0,-230.0,65449.0
2015-05-15,24829.0,3829.0,203.0,69160.0,-898.0,66432.0
2015-05-22,25088.0,2982.0,231.0,69713.0,259.0,66703.0
2015-05-29,25780.0,2982.0,665.0,67858.0,692.0,64849.0
2015-06-05,25918.0,2982.0,273.0,68292.0,138.0,65445.0
2015-06-12,26338.0,2982.0,77.0,69531.0,420.0,66206.0
2015-06-19,25880.0,2562.0,154.0,68278.0,-458.0,66328.0
2015-06-26,25743.0,2562.0,217.0,69489.0,-137.0,67281.0
2015-07-03,26111.0,2562.0,581.0,69958.0,368.0,67609.0
2015-07-10,25399.0,2562.0,70.0,68642.0,-712.0,66862.0
2015-07-17,25670.0,2562.0,315.0,68754.0,271.0,66236.0
2015-07-24,25687.0,2562.0,182.0,69853.0,17.0,67456.0
2015-07-31,24899.0,3108.0,238.0,69874.0,-788.0,67792.0
2015-08-07,24222.0,3108.0,280.0,70742.0,-677.0,68591.0
2015-08-14,25072.0,3108.0,154.0,70441.0,850.0,66637.0
2015-08-21,26475.0,2933.0,182.0,69818.0,1403.0,65664.0
2015-08-28,26339.0,2933.0,273.0,70875.0,-136.0,68351.0
2015-09-04,27556.0,2933.0,161.0,68831.0,1217.0,64842.0
2015-09-11,26772.0,2933.0,301.0,67949.0,-784.0,66101.0
2015-09-18,26714.0,2933.0,567.0,69741.0,-58.0,67433.0
2015-09-25,28260.0,3591.0,567.0,67193.0,1546.0,62623.0
2015-10-02,27648.0,3591.0,546.0,68600.0,-612.0,66167.0
2015-10-09,27919.0,3591.0,490.0,68264.0,271.0,64892.0
2015-10-16,28205.0,3591.0,924.0,68978.0,286.0,66025.0
2015-10-23,28011.0,3073.0,357.0,70546.0,-194.0,68024.0
2015-10-30,27467.0,3073.0,56.0,68145.0,-544.0,65672.0
2015-11-06,27228.0,3073.0,700.0,68089.0,-239.0,65955.0
2015-11-13,28233.0,3073.0,553.0,69594.0,1005.0,66069.0
2015-11-20,28842.0,4312.0,560.0,68957.0,609.0,64596.0
2015-11-27,27878.0,4312.0,49.0,68173.0,-964.0,64874.0
2015-12-04,26871.0,4312.0,161.0,65996.0,-1007.0,62852.0
2015-12-11,28165.0,4312.0,406.0,69790.0,1294.0,64590.0
2015-12-18,26119.0,3304.0,133.0,67200.0,-2046.0,66075.0
2015-12-25,27161.0,3304.0,665.0,70217.0,1042.0,66536.0
2016-01-01,28809.0,3304.0,700.0,62307.0,1648.0,58055.0
2016-01-08,27794.0,3304.0,49.0,63126.0,-1015.0,60886.0
2016-01-15,27508.0,3304.0,399.0,68145.0,-286.0,65526.0
2016-01-22,27696.0,3220.0,357.0,67599.0,188.0,64548.0
2016-01-29,27463.0,3220.0,882.0,62440.0,-233.0,60335.0
2016-02-05,27446.0,3220.0,189.0,67459.0,-17.0,64445.0
2016-02-12,27878.0,3220.0,350.0,69825.0,432.0,66523.0
2016-02-19,28182.0,3220.0,490.0,68306.0,304.0,65272.0
2016-02-26,27618.0,2786.0,721.0,67326.0,-564.0,65825.0
2016-03-04,26365.0,2786.0,350.0,67697.0,-1253.0,66514.0
2016-03-11,27652.0,2786.0,175.0,68236.0,1287.0,64338.0
2016-03-18,27011.0,2786.0,882.0,67739.0,-641.0,66476.0
2016-03-25,26139.0,2786.0,609.0,67858.0,-872.0,66553.0
2016-04-01,26873.0,2723.0,707.0,68180.0,734.0,65430.0
2016-04-08,24415.0,2723.0,721.0,68796.0,-2458.0,69252.0
2016-04-15,24825.0,2723.0,1078.0,67592.0,410.0,65537.0
2016-04-22,24412.0,2891.0,1134.0,68488.0,-413.0,67144.0
2016-04-29,24876.0,2891.0,1190.0,69489.0,464.0,67324.0
2016-05-06,24985.0,2891.0,252.0,68313.0,109.0,65565.0
2016-05-13,24305.0,2891.0,518.0,70189.0,-680.0,68496.0
2016-05-20,24339.0,2891.0,476.0,69335.0,34.0,66886.0
2016-05-27,23456.0,2618.0,336.0,69944.0,-883.0,68545.0
2016-06-03,25037.0,2618.0,322.0,68712.0,1581.0,64835.0
2016-06-10,23569.0,2618.0,1533.0,70021.0,-1468.0,70404.0
2016-06-17,25016.0,2618.0,749.0,70231.0,1447.0,66915.0
2016-06-24,25167.0,2765.0,1169.0,71918.0,151.0,70171.0
2016-07-01,24789.0,2765.0,546.0,73150.0,-378.0,71309.0
2016-07-08,26659.0,2765.0,805.0,71260.0,1870.0,67430.0
2016-07-15,26285.0,2765.0,539.0,70882.0,-374.0,69030.0
2016-07-22,25649.0,3178.0,644.0,70770.0,-636.0,68872.0
2016-07-29,24526.0,3178.0,378.0,71932.0,-1123.0,70255.0
2016-08-05,24286.0,3178.0,637.0,71820.0,-240.0,69519.0
2016-08-12,25746.0,3178.0,1015.0,72751.0,1460.0,69128.0
2016-08-19,25897.0,3178.0,700.0,70189.0,151.0,67560.0
2016-08-26,25957.0,3843.0,336.0,71288.0,60.0,67721.0
2016-09-02,25495.0,4585.0,77.0,71239.0,-462.0,67193.0
2016-09-09,25243.0,3871.0,161.0,70350.0,-252.0,66892.0
2016-09-16,24180.0,4242.0,147.0,69223.0,-1063.0,66191.0
2016-09-23,25415.0,3829.0,336.0,69811.0,1235.0,65083.0
2016-09-30,25301.0,5089.0,791.0,70462.0,-114.0,66278.0
2016-10-07,24822.0,5635.0,462.0,70658.0,-479.0,65964.0
2016-10-14,25949.0,4508.0,735.0,69258.0,1127.0,64358.0
2016-10-21,25494.0,5677.0,189.0,69944.0,-455.0,64911.0
2016-10-28,24615.0,5558.0,189.0,71204.0,-879.0,66714.0
2016-11-04,25885.0,7483.0,49.0,71750.0,1270.0,63046.0
2016-11-11,24968.0,6720.0,252.0,68593.0,-917.0,63042.0
2016-11-18,23956.0,6118.0,371.0,70273.0,-1012.0,65538.0
2016-11-25,24354.0,6153.0,210.0,70126.0,398.0,63785.0
2016-12-02,26178.0,6944.0,679.0,69244.0,1824.0,61155.0
2016-12-09,25628.0,7917.0,686.0,69706.0,-550.0,63025.0
2016-12-16,26288.0,5565.0,56.0,71575.0,660.0,65406.0
2016-12-23,27122.0,8043.0,63.0,73010.0,834.0,64196.0
2016-12-30,27225.0,6972.0,63.0,64911.0,103.0,57899.0
2017-01-06,28802.0,6867.0,70.0,64589.0,1577.0,56215.0
2017-01-13,29007.0,6461.0,476.0,65548.0,205.0,59358.0
2017-01-20,28651.0,6118.0,259.0,65072.0,-356.0,59569.0
2017-01-27,27929.0,6314.0,56.0,63658.0,-722.0,58122.0
2017-02-03,27806.0,6314.0,147.0,67046.0,-123.0,61002.0
2017-02-10,28453.0,3885.0,910.0,64911.0,647.0,61289.0
2017-02-17,27939.0,5936.0,63.0,64652.0,-514.0,59293.0
2017-02-24,27303.0,6237.0,210.0,66787.0,-636.0,61396.0
2017-03-03,26174.0,5187.0,28.0,66276.0,-1129.0,62246.0
2017-03-10,24684.0,3745.0,252.0,68411.0,-1490.0,66408.0
2017-03-17,24591.0,4144.0,56.0,68110.0,-93.0,64115.0
2017-03-24,23917.0,4256.0,56.0,68537.0,-674.0,65011.0
2017-03-31,22031.0,4123.0,350.0,68019.0,-1886.0,66132.0
2017-04-07,21681.0,4970.0,56.0,68019.0,-350.0,63455.0
2017-04-14,21507.0,4536.0,364.0,68201.0,-174.0,64203.0
2017-04-21,21596.0,4375.0,938.0,69538.0,89.0,66012.0
2017-04-28,21220.0,5124.0,357.0,69839.0,-376.0,65448.0
2017-05-05,21361.0,5019.0,651.0,70168.0,141.0,65659.0
2017-05-12,21905.0,3556.0,126.0,71323.0,544.0,67349.0
2017-05-19,21665.0,4123.0,112.0,71183.0,-240.0,67412.0
2017-05-26,21560.0,4487.0,126.0,71603.0,-105.0,67347.0
2017-06-02,22316.0,3885.0,322.0,68831.0,756.0,64512.0
2017-06-09,22761.0,3675.0,105.0,70686.0,445.0,66671.0
2017-06-16,21280.0,4599.0,686.0,71057.0,-1481.0,68625.0
2017-06-23,22599.0,4634.0,378.0,72562.0,1319.0,66987.0
2017-06-30,22299.0,4991.0,70.0,70609.0,-300.0,65988.0
2017-07-07,23643.0,3829.0,392.0,72506.0,1344.0,67725.0
2017-07-14,23228.0,4011.0,70.0,69013.0,-415.0,65487.0
2017-07-21,23173.0,4165.0,105.0,72338.0,-55.0,68333.0
2017-07-28,22834.0,3584.0,77.0,71442.0,-339.0,68274.0
2017-08-04,23576.0,3178.0,392.0,70574.0,742.0,67046.0
2017-08-11,22846.0,4690.0,280.0,71449.0,-730.0,67769.0
2017-08-18,24625.0,4851.0,70.0,72485.0,1779.0,65925.0
2017-08-25,24850.0,5159.0,91.0,72212.0,225.0,66919.0
2017-09-01,25151.0,2233.0,56.0,66402.0,301.0,63924.0
2017-09-08,23763.0,3696.0,427.0,66780.0,-1388.0,64899.0
2017-09-15,22760.0,3808.0,343.0,67753.0,-1003.0,65291.0
2017-09-22,21286.0,3850.0,42.0,68033.0,-1474.0,65699.0
2017-09-29,21995.0,4480.0,903.0,71190.0,709.0,66904.0
2017-10-06,21374.0,2863.0,413.0,70497.0,-621.0,68668.0
2017-10-13,23816.0,4452.0,630.0,69566.0,2442.0,63302.0
2017-10-20,22083.0,6342.0,252.0,70217.0,-1733.0,65860.0
2017-10-27,21882.0,5369.0,84.0,71225.0,-201.0,66141.0
2017-11-03,22198.0,4424.0,42.0,72142.0,316.0,67444.0
2017-11-10,21143.0,5908.0,91.0,70665.0,-1055.0,65903.0
2017-11-17,21810.0,5474.0,280.0,72863.0,667.0,67002.0
2017-11-24,23862.0,8491.0,56.0,72814.0,2052.0,62327.0
2017-12-01,23706.0,6258.0,63.0,69265.0,-156.0,63226.0
2017-12-08,26082.0,5117.0,224.0,72212.0,2376.0,64943.0
2017-12-15,24988.0,5628.0,63.0,71288.0,-1094.0,66817.0
2017-12-22,24346.0,6034.0,63.0,72793.0,-642.0,67464.0
2017-12-29,24987.0,6671.0,91.0,66885.0,641.0,59664.0
2018-01-05,24375.0,5628.0,42.0,63882.0,-612.0,58908.0
2018-01-12,25124.0,6636.0,91.0,67046.0,749.0,59752.0
2018-01-19,24019.0,5789.0,56.0,64561.0,-1105.0,59933.0
2018-01-26,23449.0,4305.0,77.0,65583.0,-570.0,61925.0
2018-02-02,24511.0,5803.0,42.0,68474.0,1062.0,61651.0
2018-02-09,24182.0,4473.0,413.0,68691.0,-329.0,64960.0
2018-02-16,25891.0,6426.0,399.0,70112.0,1709.0,62376.0
2018-02-23,25921.0,3752.0,63.0,67067.0,30.0,63348.0
2018-03-02,25169.0,5320.0,42.0,69881.0,-752.0,65355.0
2018-03-09,24215.0,5495.0,77.0,70679.0,-954.0,66215.0
2018-03-16,24533.0,4802.0,861.0,69524.0,318.0,65265.0
2018-03-23,24577.0,7693.0,56.0,69433.0,44.0,61752.0
2018-03-30,24259.0,6762.0,63.0,69475.0,-318.0,63094.0
2018-04-06,25014.0,5523.0,140.0,69909.0,755.0,63771.0
2018-04-13,23168.0,4529.0,252.0,70791.0,-1846.0,68360.0
2018-04-20,23304.0,5537.0,49.0,69629.0,136.0,64005.0
2018-04-27,23750.0,6307.0,70.0,70392.0,446.0,63709.0
2018-05-04,21785.0,4067.0,707.0,69482.0,-1965.0,68087.0
2018-05-11,21907.0,6475.0,77.0,71008.0,122.0,64488.0
2018-05-18,22015.0,2492.0,56.0,70455.0,108.0,67911.0
2018-05-25,22786.0,4592.0,154.0,70105.0,771.0,64896.0
2018-06-01,23848.0,3766.0,56.0,67613.0,1062.0,62841.0
2018-06-08,23700.0,4249.0,98.0,70567.0,-148.0,66564.0
2018-06-15,24983.0,4221.0,91.0,69748.0,1283.0,64335.0
2018-06-22,23636.0,4291.0,70.0,71778.0,-1347.0,68904.0
2018-06-29,23400.0,3409.0,77.0,72079.0,-236.0,68983.0
2018-07-06,25188.0,8302.0,119.0,71176.0,1788.0,61205.0
2018-07-13,24237.0,5138.0,98.0,70245.0,-951.0,66156.0
2018-07-20,22628.0,4683.0,210.0,71456.0,-1609.0,68592.0
2018-07-27,23364.0,3591.0,91.0,71981.0,736.0,67745.0
2018-08-03,24220.0,4116.0,1001.0,71463.0,856.0,67492.0
2018-08-10,23162.0,6545.0,434.0,71932.0,-1058.0,66879.0
2018-08-17,23933.0,4508.0,392.0,70413.0,771.0,65526.0
2018-08-24,22329.0,4095.0,126.0,70721.0,-1604.0,68356.0
2018-08-31,23046.0,3339.0,686.0,70497.0,717.0,67127.0
2018-09-07,24521.0,4760.0,1092.0,70203.0,1475.0,65060.0
2018-09-14,24862.0,4872.0,63.0,70014.0,341.0,64864.0
2018-09-21,24523.0,6727.0,476.0,68943.0,-339.0,63031.0
2018-09-28,25440.0,5712.0,693.0,70567.0,917.0,64631.0
2018-10-05,23720.0,7203.0,1050.0,69398.0,-1720.0,64965.0
2018-10-12,24684.0,8148.0,378.0,72541.0,964.0,63807.0
2018-10-19,23209.0,6783.0,378.0,71904.0,-1475.0,66974.0
2018-10-26,24219.0,7084.0,378.0,72499.0,1010.0,64783.0
2018-11-02,23727.0,4858.0,63.0,71295.0,-492.0,66992.0
2018-11-09,24975.0,5180.0,378.0,72478.0,1248.0,66428.0
2018-11-16,25114.0,6195.0,378.0,71008.0,139.0,65052.0
2018-11-23,24614.0,7427.0,70.0,72513.0,-500.0,65656.0
2018-11-30,23206.0,7007.0,77.0,69307.0,-1408.0,63785.0
2018-12-07,24349.0,9177.0,371.0,71435.0,1143.0,61486.0
2018-12-14,25592.0,6636.0,245.0,71876.0,1243.0,64242.0
2018-12-21,25568.0,5957.0,364.0,72366.0,-24.0,66797.0
2018-12-28,25914.0,6104.0,77.0,67459.0,346.0,61086.0
2019-01-04,25704.0,5089.0,280.0,63805.0,-210.0,59206.0
2019-01-11,27391.0,5810.0,364.0,68656.0,1687.0,61523.0
2019-01-18,28813.0,3829.0,98.0,68285.0,1422.0,63132.0
2019-01-25,26998.0,4249.0,56.0,67382.0,-1815.0,65004.0
2019-02-01,26585.0,6265.0,371.0,70364.0,-413.0,64883.0
2019-02-08,27050.0,6713.0,378.0,66745.0,465.0,59945.0
2019-02-15,26867.0,5684.0,679.0,70091.0,-183.0,65269.0
2019-02-22,25310.0,5705.0,147.0,69328.0,-1557.0,65327.0
2019-03-01,24542.0,6377.0,77.0,67830.0,-768.0,62298.0
2019-03-08,22956.0,6517.0,763.0,70371.0,-1586.0,66203.0
2019-03-15,22327.0,4613.0,371.0,69475.0,-629.0,65862.0
2019-03-22,21412.0,4851.0,203.0,70406.0,-915.0,66673.0
2019-03-29,21933.0,4305.0,49.0,69608.0,521.0,64831.0
2019-04-05,20593.0,4592.0,714.0,70861.0,-1340.0,68323.0
2019-04-12,20754.0,4193.0,875.0,70602.0,161.0,67123.0
2019-04-19,20682.0,3822.0,1148.0,69797.0,-72.0,67195.0
2019-04-26,21325.0,4816.0,567.0,69517.0,643.0,64625.0
2019-05-03,20823.0,3437.0,1127.0,69706.0,-502.0,67898.0
2019-05-10,21330.0,5495.0,651.0,72044.0,507.0,66693.0
2019-05-17,22923.0,2912.0,1330.0,72058.0,1593.0,68883.0
2019-05-24,22829.0,5019.0,1638.0,70063.0,-94.0,66776.0
2019-05-31,23246.0,4753.0,917.0,70833.0,417.0,66580.0
2019-06-07,22690.0,3717.0,364.0,71750.0,-556.0,68953.0
2019-06-14,21895.0,4410.0,147.0,71806.0,-795.0,68338.0
2019-06-21,22710.0,6573.0,70.0,72898.0,815.0,65580.0
2019-06-28,22332.0,3941.0,371.0,70994.0,-378.0,67802.0
2019-07-05,22445.0,4900.0,364.0,71540.0,113.0,66891.0
2019-07-12,22697.0,4319.0,84.0,69202.0,252.0,64715.0
2019-07-19,21841.0,3906.0,140.0,71106.0,-856.0,68196.0
2019-07-26,22580.0,5663.0,406.0,70980.0,739.0,64984.0
2019-08-02,22903.0,5439.0,371.0,71589.0,323.0,66198.0
2019-08-09,22811.0,3171.0,1183.0,72884.0,-92.0,70988.0
2019-08-16,21755.0,4732.0,1785.0,71393.0,-1056.0,69502.0
2019-08-23,22267.0,4900.0,91.0,72282.0,512.0,66961.0
2019-08-30,22223.0,5733.0,84.0,72156.0,-44.0,66551.0
2019-09-06,22733.0,4459.0,1099.0,70399.0,510.0,66529.0
2019-09-13,21873.0,4844.0,406.0,68614.0,-860.0,65036.0
2019-09-20,22549.0,5635.0,56.0,70245.0,676.0,63990.0
2019-09-27,23415.0,6440.0,700.0,70357.0,866.0,63751.0
2019-10-04,23269.0,5572.0,1190.0,69342.0,-146.0,65106.0
2019-10-11,22966.0,5467.0,658.0,71561.0,-303.0,67055.0
2019-10-18,22796.0,4375.0,651.0,70210.0,-170.0,66656.0
2019-10-25,22048.0,4564.0,1015.0,71449.0,-748.0,68648.0
2019-11-01,22207.0,7063.0,980.0,71351.0,159.0,65109.0
2019-11-08,23175.0,5698.0,700.0,72597.0,968.0,66631.0
2019-11-15,23054.0,6223.0,77.0,71176.0,-121.0,65151.0
2019-11-22,24092.0,6545.0,1554.0,71883.0,1038.0,65854.0
2019-11-29,24613.0,6111.0,266.0,69727.0,521.0,63361.0
2019-12-06,24645.0,6412.0,350.0,67928.0,32.0,61834.0
2019-12-13,23582.0,4130.0,70.0,70602.0,-1063.0,67605.0
2019-12-20,24759.0,6090.0,497.0,72058.0,1177.0,65288.0
2019-12-27,26181.0,7175.0,119.0,69594.0,1422.0,61116.0
2020-01-03,26474.0,5642.0,658.0,63245.0,293.0,57968.0
2020-01-10,27351.0,4256.0,70.0,67277.0,877.0,62214.0
2020-01-17,28671.0,5663.0,875.0,66654.0,1320.0,60546.0
2020-01-24,27467.0,4543.0,791.0,66906.0,-1204.0,64358.0
2020-01-31,27776.0,6902.0,420.0,68677.0,309.0,61886.0
2020-02-07,27219.0,4354.0,161.0,67109.0,-557.0,63473.0
2020-02-14,26915.0,5390.0,833.0,68068.0,-304.0,63815.0
2020-02-21,26711.0,5894.0,357.0,68789.0,-204.0,63456.0
2020-02-28,25956.0,5684.0,931.0,67935.0,-755.0,63937.0
2020-03-06,25239.0,5215.0,952.0,69923.0,-717.0,66377.0
2020-03-13,23726.0,4221.0,763.0,68817.0,-1513.0,66872.0
2020-03-20,20069.0,5845.0,1344.0,66451.0,-3657.0,65607.0
2020-03-27,21284.0,4711.0,350.0,48447.0,1215.0,42871.0
2020-04-03,21522.0,5390.0,350.0,40775.0,238.0,35497.0
2020-04-10,22527.0,5285.0,455.0,41279.0,1005.0,35444.0
2020-04-17,24008.0,5488.0,714.0,42021.0,1481.0,35766.0
2020-04-24,24510.0,6335.0,707.0,45997.0,502.0,39867.0
2020-05-01,22444.0,3724.0,1365.0,46697.0,-2066.0,46404.0
2020-05-08,22564.0,1218.0,644.0,49560.0,120.0,48866.0
2020-05-15,24469.0,1708.0,980.0,50470.0,1905.0,47837.0
2020-05-22,22944.0,1470.0,525.0,53249.0,-1525.0,53829.0
2020-05-29,24141.0,1841.0,1421.0,53942.0,1197.0,52325.0
2020-06-05,24529.0,2156.0,875.0,57435.0,388.0,55766.0
2020-06-12,24713.0,3465.0,245.0,57680.0,184.0,54276.0
2020-06-19,24470.0,2002.0,455.0,62601.0,-243.0,61297.0
2020-06-26,23684.0,3381.0,182.0,61649.0,-786.0,59236.0
2020-07-03,22795.0,3668.0,826.0,63119.0,-889.0,61166.0
2020-07-10,22883.0,4207.0,1162.0,62293.0,88.0,59160.0
2020-07-17,23438.0,3353.0,210.0,62475.0,555.0,58777.0
2020-07-24,23647.0,3087.0,854.0,63959.0,209.0,61517.0
2020-07-31,23538.0,5390.0,497.0,62916.0,-109.0,58132.0
2020-08-07,24018.0,5558.0,1015.0,65527.0,480.0,60504.0
2020-08-14,24173.0,5663.0,420.0,67060.0,155.0,61662.0
2020-08-21,23036.0,4340.0,700.0,65247.0,-1137.0,62744.0
2020-08-28,24862.0,3983.0,574.0,64918.0,1826.0,59683.0
2020-09-04,24673.0,4963.0,994.0,62524.0,-189.0,58744.0
2020-09-11,23730.0,3542.0,210.0,63707.0,-943.0,61318.0
2020-09-18,25247.0,5222.0,1141.0,62790.0,1517.0,57192.0
2020-09-25,24171.0,4676.0,1057.0,64281.0,-1076.0,61738.0
2020-10-02,23387.0,6321.0,1155.0,63308.0,-784.0,58926.0
2020-10-09,23036.0,5075.0,77.0,64232.0,-351.0,59585.0
2020-10-16,23612.0,4893.0,959.0,62713.0,576.0,58203.0
2020-10-23,24524.0,3710.0,770.0,64911.0,912.0,61059.0
2020-10-30,25407.0,5012.0,742.0,62699.0,883.0,57546.0
2020-11-06,24930.0,4970.0,595.0,64239.0,-477.0,60341.0
2020-11-13,26412.0,4830.0,665.0,63168.0,1482.0,57521.0
2020-11-20,26203.0,5320.0,70.0,62783.0,-209.0,57742.0
2020-11-27,26076.0,4823.0,420.0,61369.0,-127.0,57093.0
2020-12-04,25543.0,6335.0,623.0,57421.0,-533.0,52242.0
2020-12-11,24518.0,5488.0,630.0,62251.0,-1025.0,58418.0
2020-12-18,25667.0,5299.0,798.0,61082.0,1149.0,55432.0
2020-12-25,27353.0,6377.0,623.0,63357.0,1686.0,55917.0
2021-01-01,25262.0,6181.0,112.0,55524.0,-2091.0,51546.0
2021-01-08,21821.0,4186.0,882.0,55076.0,-3441.0,55213.0
2021-01-15,22438.0,5117.0,322.0,60424.0,617.0,55012.0
2021-01-22,23138.0,5628.0,448.0,61677.0,700.0,55797.0
2021-01-29,22702.0,5460.0,469.0,60452.0,-436.0,55897.0
2021-02-05,23580.0,5159.0,448.0,60809.0,878.0,55220.0
2021-02-12,24016.0,4032.0,98.0,61229.0,436.0,56859.0
2021-02-19,24437.0,3619.0,336.0,55573.0,421.0,51869.0
2021-02-26,22482.0,3451.0,427.0,58926.0,-1955.0,57857.0
2021-03-05,20471.0,4739.0,770.0,60781.0,-2011.0,58823.0
2021-03-12,20899.0,4060.0,1449.0,63868.0,428.0,60829.0
2021-03-19,19765.0,3031.0,2170.0,62405.0,-1134.0,62678.0
2021-03-26,19995.0,3787.0,875.0,66661.0,230.0,63519.0
2021-04-02,19062.0,5544.0,1127.0,66108.0,-933.0,62624.0
2021-04-09,20783.0,4641.0,1659.0,67893.0,1721.0,63190.0
2021-04-16,19738.0,4739.0,1722.0,68138.0,-1045.0,66166.0
2021-04-23,21464.0,4228.0,686.0,67011.0,1726.0,61743.0
2021-04-30,21245.0,3885.0,1694.0,67081.0,-219.0,65109.0
2021-05-07,21146.0,6958.0,1344.0,67053.0,-99.0,61538.0
2021-05-14,20812.0,5831.0,1799.0,70231.0,-334.0,66533.0
2021-05-21,19360.0,5131.0,1799.0,68271.0,-1452.0,66391.0
2021-05-28,19666.0,3920.0,1281.0,70119.0,306.0,67174.0
2021-06-04,21004.0,6699.0,1372.0,69139.0,1338.0,62474.0
2021-06-11,20370.0,5845.0,1246.0,69391.0,-634.0,65426.0
2021-06-18,20827.0,6265.0,511.0,70686.0,457.0,64475.0
2021-06-25,21647.0,3122.0,1106.0,71001.0,820.0,68165.0
2021-07-02,20540.0,5936.0,1253.0,71162.0,-1107.0,67586.0
2021-07-09,20783.0,5229.0,1449.0,68670.0,243.0,64647.0
2021-07-16,18446.0,6062.0,4879.0,68369.0,-2337.0,69523.0
2021-07-23,18055.0,5026.0,1456.0,70294.0,-391.0,67115.0
2021-07-30,17742.0,4375.0,1435.0,69202.0,-313.0,66575.0
2021-08-06,18355.0,5222.0,2114.0,68474.0,613.0,64753.0
2021-08-13,19349.0,4557.0,882.0,69979.0,994.0,65310.0
2021-08-20,18197.0,6377.0,490.0,69790.0,-1152.0,65055.0
2021-08-27,19408.0,3262.0,2324.0,69419.0,1211.0,67270.0
2021-09-03,18729.0,5138.0,861.0,67067.0,-679.0,63469.0
2021-09-10,17435.0,4438.0,497.0,66955.0,-1294.0,64308.0
2021-09-17,20304.0,4347.0,1995.0,67291.0,2869.0,62070.0
